MonthYear,Trades,PnL,WinRate,Expectancy
2024-01,744,44507.66842425854,0.6438172043010753,59.82213497884212
2024-02,256,19953.69000725811,0.7109375,77.94410159085199
