{
    "Total Trades": 1000,
    "Winners": 661,
    "Losers": 339,
    "Win Rate": 0.661,
    "Loss Rate": 0.33899999999999997,
    "Average Win": 148.6901340037662,
    "Average Loss": -99.77233081112918,
    "Median Win": 148.67430622753915,
    "Median Loss": -98.44162342578102,
    "Profit Factor": 2.905854040414716,
    "Expectancy": 64.46135843151666,
    "Max Drawdown": 768.3395607912375,
    "Max Consecutive Wins": 16,
    "Max Consecutive Losses": 6,
    "Total PnL": 64461.358431516644,
    "CAGR": 83.1032771624821,
    "Sharpe Ratio": 8.111184039477536,
    "Sortino Ratio": 32.805158161551226,
    "Recovery Factor": 83.8969665510054,
    "Mean Prediction Error": 0.0,
    "Median Prediction Error": 0.0,
    "strategy_version": "QuantEdge_v1.0",
    "report_generated": "2026-06-16T14:28:14.551925",
    "dataset": "mock_validation",
    "trade_count": 1000
}